name,path,category,tags
Arrow Right,m21.707 11.293-8-7.99997-1.414 1.414L18.586 11H2v2h16.586l-6.293 6.293 1.414 1.414 8-8c.391-.391.391-1.023 0-1.414Z,Navigation,Arrow
Arrow Left,M22 11H5.41401L11.707 4.70703l-1.414-1.414L2.29301 11.293c-.391.391-.391 1.023 0 1.414l7.99999 8 1.414-1.414L5.41401 13H22v-2Z,Navigation,Arrow
Arrow Out,M18 5H7.00003v2H15.586L4.29303 18.293l1.414 1.414L17 8.414V17h2V6c0-.553-.448-1-1-1Z,Navigation,Arrow
Arrow Up,m20.707 10.293-8-7.99999c-.391-.391-1.023-.391-1.414 0l-8 7.99999 1.414 1.414L11 5.41401V22h2V5.41401l6.293 6.29299 1.414-1.414Z,Navigation,Arrow
Arrow Down,M19.293 12.293 13 18.586V2h-2v16.586l-6.293-6.293-1.414 1.414 8 8c.195.195.451.293.707.293.256 0 .512-.098.707-.293l8-8-1.414-1.414Z,Navigation,Arrow
Download,m11.293 17.707-7-7 1.414-1.414L11 14.586V1h2v13.586l5.293-5.293 1.414 1.414-7 7c-.195.195-.451.293-.707.293-.256 0-.512-.098-.707-.293ZM19 18v3H5v-3H3v4c0 .553.447 1 1 1h16c.553 0 1-.447 1-1v-4h-2Z,Navigation,Arrow
Upload,m5.707 9.70701-1.414-1.414 7-7c.391-.391004 1.023-.391004 1.414 0l7 7-1.414 1.414L13 4.41401V18h-2V4.41401l-5.293 5.293ZM19 18v3H5v-3H3v4c0 .553.447 1 1 1h16c.553 0 1-.447 1-1v-4h-2Z,Navigation,Arrow
Cube,m21.485 6.126-9-5c-.301-.168-.67-.168-.971 0l-8.99999 5C2.19701 6.302 2 6.637 2 7v10c0 .363.197.698.515.874l9 5c.15.084.318.126.485.126.167 0 .335-.042.485-.126l9-5c.318-.176.515-.511.515-.874V7c0-.363-.197-.698-.515-.874ZM12 3.144 18.94 7 12 10.856 5.06 7 12 3.144ZM4 8.699l7 3.889v7.713l-7-3.89V8.699Zm9 11.602v-7.713l7-3.889v7.712l-7 3.89Z,3D Editor,